Monitor Gamer - AOC 24´5 polegadas;R$ 650;https://sc.olx.com.br/oeste-de-santa-catarina/computadores-e-acessorios/monitor-gamer-aoc-24-5-polegadas-1149668351
Monitor Samsung Syncmaster 933;R$ 270;https://sc.olx.com.br/oeste-de-santa-catarina/computadores-e-acessorios/monitor-samsung-syncmaster-933-1154282422
Monitor 18.5 Polegadas;R$ 200;https://sc.olx.com.br/oeste-de-santa-catarina/computadores-e-acessorios/monitor-18-5-polegadas-1149230792
Monitor 21.5 Polegadas;R$ 299;https://sc.olx.com.br/oeste-de-santa-catarina/computadores-e-acessorios/monitor-21-5-polegadas-1149231704
Monitor Samsung;R$ 230;https://sc.olx.com.br/oeste-de-santa-catarina/computadores-e-acessorios/monitor-samsung-1154140899
Monitor Dell 23.8 - NOVÍSSIMO;R$ 950;https://sc.olx.com.br/oeste-de-santa-catarina/computadores-e-acessorios/monitor-dell-23-8-novissimo-1150219585
Monitor Gamer - 144 hz (27 polegadas).;R$ 1.450;https://sc.olx.com.br/oeste-de-santa-catarina/computadores-e-acessorios/monitor-gamer-144-hz-27-polegadas-1149338972
Monitor/TV Samsung 24 polegadas;R$ 550;https://sc.olx.com.br/oeste-de-santa-catarina/audio-tv-video-e-fotografia/monitor-tv-samsung-24-polegadas-1148285750
Monitor de plantio conta sementes GTF-400;;https://sc.olx.com.br/oeste-de-santa-catarina/agro-e-industria/pecas-para-tratores-e-maquinas/monitor-de-plantio-conta-sementes-gtf-400-1153187443
Monitor Acer Predator XB3 XB253Q 240hz;R$ 1.899;https://sc.olx.com.br/oeste-de-santa-catarina/computadores-e-acessorios/monitor-acer-predator-xb3-xb253q-240hz-1152947722
Monitor Samsung 28? UHD U28E590D;R$ 1.400;https://sc.olx.com.br/oeste-de-santa-catarina/computadores-e-acessorios/monitor-samsung-28-uhd-u28e590d-1131591107
Monitor Samsung 15 polegadas;R$ 250;https://sc.olx.com.br/oeste-de-santa-catarina/audio-tv-video-e-fotografia/monitor-samsung-15-polegadas-1143866179
Monitor Computador;R$ 145;https://sc.olx.com.br/oeste-de-santa-catarina/audio-tv-video-e-fotografia/monitor-computador-1152076812
Monitor LG 19'5 polegadas 60hz LED;R$ 300;https://sc.olx.com.br/oeste-de-santa-catarina/computadores-e-acessorios/monitor-lg-19-5-polegadas-60hz-led-1129777482
Monitor Asus Gaming 24 Full HD com taxa de atualização ultra-rápida de 165Hz 0,5ms;R$ 1.280;https://sc.olx.com.br/oeste-de-santa-catarina/computadores-e-acessorios/monitor-asus-gaming-24-full-hd-com-taxa-de-atualizacao-ultra-rapida-de-165hz-0-5ms-1150495843
Monitor 27 Full HD 75hz;R$ 900;https://sc.olx.com.br/oeste-de-santa-catarina/computadores-e-acessorios/monitor-27-full-hd-75hz-1150015866
Monitor LG ultrawide 1ms;R$ 900;https://sc.olx.com.br/oeste-de-santa-catarina/computadores-e-acessorios/monitor-lg-ultrawide-1ms-1149260223
Monitor 32 polegadas curva ARGON;R$ 1.700;https://sc.olx.com.br/oeste-de-santa-catarina/computadores-e-acessorios/monitor-32-polegadas-curva-argon-1144899757
Monitor Samsung 22 polegadas retirar peças;R$ 80;https://sc.olx.com.br/oeste-de-santa-catarina/computadores-e-acessorios/monitor-samsung-22-polegadas-retirar-pecas-1124574759
Monitor LG 17° Polegadas;R$ 200;https://sc.olx.com.br/oeste-de-santa-catarina/computadores-e-acessorios/monitor-lg-17-polegadas-1144185672
Monitor cai-cai;;https://sc.olx.com.br/oeste-de-santa-catarina/agro-e-industria/pecas-para-tratores-e-maquinas/monitor-cai-cai-1144037120
Monitor de plantio gtf-200;;https://sc.olx.com.br/oeste-de-santa-catarina/agro-e-industria/pecas-para-tratores-e-maquinas/monitor-de-plantio-gtf-200-1143977912
Monitor de plantio gtf-200;;https://sc.olx.com.br/oeste-de-santa-catarina/agro-e-industria/pecas-para-tratores-e-maquinas/monitor-de-plantio-gtf-200-1143970253
Monitor cai-cai;;https://sc.olx.com.br/oeste-de-santa-catarina/agro-e-industria/pecas-para-tratores-e-maquinas/monitor-cai-cai-1143915274
Monitor AOC;R$ 200;https://sc.olx.com.br/oeste-de-santa-catarina/computadores-e-acessorios/monitor-aoc-1140010734
Monitor de plantio gtf-200;;https://sc.olx.com.br/oeste-de-santa-catarina/agro-e-industria/pecas-para-tratores-e-maquinas/monitor-de-plantio-gtf-200-1140726558
Monitor de plantio gtf-200;;https://sc.olx.com.br/oeste-de-santa-catarina/agro-e-industria/pecas-para-tratores-e-maquinas/monitor-de-plantio-gtf-200-1140726319
Monitor cai-cai;;https://sc.olx.com.br/oeste-de-santa-catarina/agro-e-industria/pecas-para-tratores-e-maquinas/monitor-cai-cai-1140726187
Monitor de sementes GTF-400;;https://sc.olx.com.br/oeste-de-santa-catarina/agro-e-industria/pecas-para-tratores-e-maquinas/monitor-de-sementes-gtf-400-1140725699
Monitor de plantio conta sementes GTF-400;;https://sc.olx.com.br/oeste-de-santa-catarina/agro-e-industria/pecas-para-tratores-e-maquinas/monitor-de-plantio-conta-sementes-gtf-400-1140725453
Monitor de plantio GTF-400 conta sementes;;https://sc.olx.com.br/oeste-de-santa-catarina/agro-e-industria/pecas-para-tratores-e-maquinas/monitor-de-plantio-gtf-400-conta-sementes-1128835883
Monitor de plantio GTF-400 conta sementes;;https://sc.olx.com.br/oeste-de-santa-catarina/agro-e-industria/pecas-para-tratores-e-maquinas/monitor-de-plantio-gtf-400-conta-sementes-1128827164
TV e monitor LG 24";R$ 300;https://sc.olx.com.br/oeste-de-santa-catarina/audio-tv-video-e-fotografia/tv-e-monitor-lg-24-1152196716
Computador e monitor gamer/trabalho;R$ 6.500;https://sc.olx.com.br/oeste-de-santa-catarina/computadores-e-acessorios/computador-e-monitor-gamer-trabalho-1152070616
Computador, monitor;R$ 1.000;https://sc.olx.com.br/oeste-de-santa-catarina/computadores-e-acessorios/computador-monitor-1149377806
Notebook + Monitor (100% funcionando);R$ 400;https://sc.olx.com.br/oeste-de-santa-catarina/computadores-e-acessorios/notebook-monitor-100-funcionando-1124274926
PC gamer + monitor;R$ 3.200;https://sc.olx.com.br/oeste-de-santa-catarina/computadores-e-acessorios/pc-gamer-monitor-1132343922
2 Suportes para monitor até 27";R$ 200;https://sc.olx.com.br/oeste-de-santa-catarina/computadores-e-acessorios/2-suportes-para-monitor-ate-27-1129212717
PC Gamer i3-9100f + GTX 1650 4Gb + 16Gb RAM + SSD 240Gb + Monitor 144Hz (Roda Tudo);R$ 3.800;https://sc.olx.com.br/oeste-de-santa-catarina/computadores-e-acessorios/pc-gamer-i3-9100f-gtx-1650-4gb-16gb-ram-ssd-240gb-monitor-144hz-roda-tudo-1143678629
pc gamer intel core i5 12400, ssd 1TERA, rtx 2060, 650W, 16GB rgb, B660m, monitor 24 165hz;R$ 7.490;https://sc.olx.com.br/oeste-de-santa-catarina/computadores-e-acessorios/pc-gamer-intel-core-i5-12400-ssd-1tera-rtx-2060-650w-16gb-rgb-b660m-monitor-24-165hz-1127056351
Gestão de Tráfego Pago;;https://sc.olx.com.br/oeste-de-santa-catarina/comercio-e-escritorio/outros-itens-para-comercio-e-escritorio/gestao-de-trafego-pago-963955381
C4 Cactus Shine Pack 1.6 THP - Conforto, segurança e desempenho com esportividade;R$ 85.000;https://sc.olx.com.br/oeste-de-santa-catarina/autos-e-pecas/carros-vans-e-utilitarios/c4-cactus-shine-pack-1-6-thp-conforto-seguranca-e-desempenho-com-esportividade-1037087186
Torrando p levar hoje. Eliptico profissional;R$ 700;https://sc.olx.com.br/oeste-de-santa-catarina/esportes-e-ginastica/torrando-p-levar-hoje-eliptico-profissional-1149231895
Tráfego pago- Google Ads- Facebook Ads;R$ 1;https://sc.olx.com.br/oeste-de-santa-catarina/comercio-e-escritorio/outros-itens-para-comercio-e-escritorio/trafego-pago-google-ads-facebook-ads-1093981346
PEUGEOT 208 1.6 16V FLEX GRIFFE AT6;R$ 97.900;https://sc.olx.com.br/oeste-de-santa-catarina/autos-e-pecas/carros-vans-e-utilitarios/peugeot-208-1-6-16v-flex-griffe-at6-1140254742
Smart Band Amazfit Band 7 com Alexa e a prova d'água Branca;R$ 319;https://sc.olx.com.br/oeste-de-santa-catarina/bijouteria-relogios-e-acessorios/smart-band-amazfit-band-7-com-alexa-e-a-prova-d-agua-branca-1147700860
Amazfit Band 7 Smart Band com Alexa e a prova d'água;R$ 319;https://sc.olx.com.br/oeste-de-santa-catarina/bijouteria-relogios-e-acessorios/amazfit-band-7-smart-band-com-alexa-e-a-prova-d-agua-1147622037
SmartWatch Colmi C61 Faz e recebe ligações;R$ 229;https://sc.olx.com.br/oeste-de-santa-catarina/bijouteria-relogios-e-acessorios/smartwatch-colmi-c61-faz-e-recebe-ligacoes-1153371371
Computador Gamer;R$ 3.500;https://sc.olx.com.br/oeste-de-santa-catarina/computadores-e-acessorios/computador-gamer-1150027525
Xiaomi Mi Smart Band 7 + uma pulseira extra e película;R$ 290;https://sc.olx.com.br/oeste-de-santa-catarina/computadores-e-acessorios/xiaomi-mi-smart-band-7-uma-pulseira-extra-e-pelicula-1146865601
